group,group_label,arm,arm_label,log_name,pnl,rank,malformed,network,hold_deliberate,hold_fallback,tokens_median,prompt_mode,memory_source,orders,buy_orders,sell_orders,fills,fill_rate,mean_spread,median_spread,mid_std,volume,executions,memory_chars_mean,memory_fills_mean,rationale_nonempty
rerun,Decision Only,no_history,No History,exp4_rerun_decision_only_no_history_seed12345,476.88,3,0/119,0/119,0/119,0/119,19.0,decision_only_json,decisions_only,100,100,0,5,0.05,8.23868131868132,1.86,10.508613830032075,819.0,51.0,85.0,0.0,0
rerun,Decision Only,last_5_events,Last 5 Events,exp4_rerun_decision_only_last_5_events_seed12345,4098.52,1,0/119,0/119,0/119,0/119,19.0,decision_only_json,decisions_only,119,119,0,10,0.08403361344537816,9.746439790575916,2.34,8.118303121452342,680.0,49.0,884.781512605042,0.0,0
rerun,Decision Only,last_20_events,Last 20 Events,exp4_rerun_decision_only_last_20_events_seed12345,4098.52,1,0/119,0/119,0/119,0/119,19.0,decision_only_json,decisions_only,119,119,0,15,0.12605042016806722,3.3178977272727277,1.44,9.689077491796908,882.0,35.0,3058.764705882353,0.0,0
rerun,Decision Only,rolling_session_summary,Rolling Summary,exp4_rerun_decision_only_rolling_session_summary_seed12345,3042.8,1,0/119,0/119,0/119,0/119,19.0,decision_only_json,decisions_only,119,119,0,8,0.06722689075630252,7.150695652173913,2.16,10.060481154563394,831.0,72.0,339.781512605042,0.0,0
reasoning,Reasoning JSON,no_history,No History,exp4_reasoning_json_no_history_seed12345,-226.35,7,1/119,0/119,0/119,1/119,48.0,reasoning_json,decisions_only,118,105,13,10,0.0847457627118644,8.403070175438597,1.45,10.628569942941349,1001.0,69.0,85.0,0.0,118
reasoning,Reasoning JSON,last_5_events,Last 5 Events,exp4_reasoning_json_last_5_events_seed12345,3109.48,1,0/119,0/119,0/119,0/119,50.0,reasoning_json,decisions_only,119,117,2,14,0.11764705882352941,8.539198113207547,3.31,7.865727024091423,936.0,67.0,886.2100840336135,0.0,119
reasoning,Reasoning JSON,last_20_events,Last 20 Events,exp4_reasoning_json_last_20_events_seed12345,6004.31,1,2/119,0/119,0/119,2/119,62.0,reasoning_json,decisions_only,117,98,19,15,0.1282051282051282,3.180576923076923,0.61,9.987777259914862,1044.0,24.0,3046.09243697479,0.0,117
reasoning,Reasoning JSON,rolling_session_summary,Rolling Summary,exp4_reasoning_json_rolling_session_summary_seed12345,3354.64,1,0/119,0/119,0/119,0/119,51.0,reasoning_json,decisions_only,119,119,0,7,0.058823529411764705,7.263333333333334,5.58,10.569911175238927,943.0,82.0,339.47899159663865,0.0,119
fills,Decisions + Fills,no_history,No History,exp4_decisions_fills_no_history_seed12345,1104.53,3,0/119,0/119,0/119,0/119,19.0,decision_only_json,decisions_and_fills,108,108,0,4,0.037037037037037035,8.702079207920793,1.88,11.126568761961586,764.0,62.0,90.0,0.0,0
fills,Decisions + Fills,last_5_events,Last 5 Events,exp4_decisions_fills_last_5_events_seed12345,2478.41,1,0/119,0/119,0/119,0/119,19.0,decision_only_json,decisions_and_fills,81,81,0,12,0.14814814814814814,5.210625,1.44,8.409256317188584,924.0,49.0,1348.9411764705883,3.7563025210084033,0
fills,Decisions + Fills,last_20_events,Last 20 Events,exp4_decisions_fills_last_20_events_seed12345,387.66,2,0/119,0/119,0/119,0/119,20.0,decision_only_json,decisions_and_fills,7,7,0,1,0.14285714285714285,4.7704615384615385,1.45,7.787320228817731,321.0,12.0,3247.6470588235293,0.9411764705882353,0
fills,Decisions + Fills,rolling_session_summary,Rolling Summary,exp4_decisions_fills_rolling_session_summary_seed12345,4576.82,1,0/119,0/119,0/119,0/119,19.0,decision_only_json,decisions_and_fills,119,119,0,10,0.08403361344537816,10.432774869109949,2.34,8.207598826755877,717.0,50.0,431.79831932773106,0.0,0
